Thương hiệu, Model, Giá, Link
Honda,SH350i,151190000,https://www.honda.com.vn/xe-may/san-pham/sh350i?category=2
Honda,SH160i/125i,73921091,https://www.honda.com.vn/xe-may/san-pham/sh160i125i?category=2
Honda,Sh mode 125,57132000,https://www.honda.com.vn/xe-may/san-pham/sh-mode-125?category=2
Honda,Vario 160,51990000,https://www.honda.com.vn/xe-may/san-pham/vario-160?category=2
Honda,Air Blade 160/125,42012000,https://www.honda.com.vn/xe-may/san-pham/air-blade-160125?category=2
Honda,Vario 125,40735637,https://www.honda.com.vn/xe-may/san-pham/vario-125?category=2
Honda,LEAD ABS,39557455,https://www.honda.com.vn/xe-may/san-pham/lead-abs?category=2
Honda,Vision,31310182,https://www.honda.com.vn/xe-may/san-pham/vision?category=2
Honda,Super Cub C125,86292000,https://www.honda.com.vn/xe-may/san-pham/super-cub-c125?category=1
Honda,Future 125 FI,30524727,https://www.honda.com.vn/xe-may/san-pham/future-125-fi?category=1
Honda,Wave Alpha phiên bản cổ điển,18939273,https://www.honda.com.vn/xe-may/san-pham/wave-alpha-phien-ban-co-dien?category=1
Honda,Wave RSX,22032000,https://www.honda.com.vn/xe-may/san-pham/wave-rsx?category=1
Honda,Blade,18900000,https://www.honda.com.vn/xe-may/san-pham/blade?category=1
Honda,Wave Alpha 110,17859273,https://www.honda.com.vn/xe-may/san-pham/wave-alpha-110?category=1
Honda,CBR150R,72290000,https://www.honda.com.vn/xe-may/san-pham/cbr150r?category=3
Honda,Winner X,46160000,https://www.honda.com.vn/xe-may/san-pham/winner-x?category=3
Honda,Gold Wing 2024,1231500000,https://www.honda.com.vn/xe-may/san-pham/gold-wing-2024?category=4
Honda,CBR1000RR-R Fireblade SP 2024,1050500000,https://www.honda.com.vn/xe-may/san-pham/cbr1000rr-r-fireblade-sp-2024?category=4
Honda,Africa Twin 2024 - Bản Adventure Sports,720990000,https://www.honda.com.vn/xe-may/san-pham/africa-twin-2024-ban-adventure-sports?category=4
Honda,Africa Twin 2024 - Bản Tiêu chuẩn,640990000,https://www.honda.com.vn/xe-may/san-pham/africa-twin-2024-ban-tieu-chuan?category=4
Honda,CB1000R 2023,510500000,https://www.honda.com.vn/xe-may/san-pham/cb1000r-2023?category=4
Honda,REBEL 1100 2023,449500000,https://www.honda.com.vn/xe-may/san-pham/rebel-1100-2023?category=4
Honda,Transalp,309000000,https://www.honda.com.vn/xe-may/san-pham/transalp?category=4
Honda,CBR650R 2024,264990000,https://www.honda.com.vn/xe-may/san-pham/cbr650r-2024?category=4
Honda,CB650R 2024,256990000,https://www.honda.com.vn/xe-may/san-pham/cb650r-2024?category=4
Honda,NX500,194290000,https://www.honda.com.vn/xe-may/san-pham/nx500?category=4
Honda,CBR500R 2024,192990000,https://www.honda.com.vn/xe-may/san-pham/cbr500r-2024?category=4
Honda,CB500 Hornet,184990000,https://www.honda.com.vn/xe-may/san-pham/cb500-hornet?category=4
Honda,REBEL 500 2024,181300000,https://www.honda.com.vn/xe-may/san-pham/rebel-500-2024?category=4
Honda,CB350 H'ness,129990000,https://www.honda.com.vn/xe-may/san-pham/cb350-hness?category=4
Honda,ICON e:,Dưới 29.000.000,https://www.honda.com.vn/xe-may/san-pham/icon-e?category=5
Honda,CUV e:,1,https://www.honda.com.vn/xe-may/san-pham/cuv-e?category=5
